id,horario,produtos,total,pago,formato,mod
0,11:46,314/6-260/10,1037.2999999999995,0,dinheiro,0%
1,11:46,77/1-82/9-217/10-295/8-288/8-159/5-118/7-416/2-444/8-175/5,3739.8,0,dinheiro,0%
2,11:46,225/8-22/1-458/3-236/1-106/6-81/10-499/3-333/3-177/8,1198.3,0,cartão de débito,0%
3,11:46,284/10-446/6-256/2-419/3-205/1-187/8,1342.0500000000002,0,dinheiro,0%
4,11:46,87/1-320/9-427/9,608.0165,0,cartão de débito,-17%
5,11:48,222/5-143/8-412/10-481/5-167/9-277/10-218/9-94/6,2495.5,0,dinheiro,0%
6,11:48,231/9-388/5-356/10-211/3-412/7-249/4-93/10-361/3-286/1-300/9,3823.75,0,cartão de débito,0%
7,11:48,12/1-403/5-278/5,998.2,0,cartão de débito,0%
8,11:48,207/4,239.2,0,cartão de crédito,0%
