id,horario,produtos,total,pago,formato,mod
0,11:49,58/6-85/2-472/3-271/3-377/8-442/4-83/9-318/6-471/2-18/2,3163.65,0,dinheiro,0%
1,11:49,219/7-438/2,718.75,0,cartão de crédito,0%
2,11:49,342/2-219/5-376/1-440/7-89/8-427/8-16/7,3320.0499999999993,0,cartão de débito,0%
3,11:49,457/5-139/8-479/1-113/2,244.95000000000002,0,dinheiro,0%
4,11:49,2/6,124.19999999999999,0,cartão de débito,0%
5,11:49,197/6-144/6-201/7-238/9-245/2-351/2-426/7-71/7-296/1,1729.6,0,cartão de crédito,0%
6,11:49,82/1-147/9-86/9-268/5-447/4-317/9-394/5-35/10-491/9-314/5,3176.576,0,cartão de débito,4%
7,11:49,136/6,89.69999999999999,0,dinheiro,0%
8,11:49,403/9-24/3-141/3-273/1-352/9-366/9,1981.4499999999998,0,cartão de crédito,0%
