id,horario,produtos,total,pago,formato,mod
0,11:49,289/1-214/10,1010.85,0,cartão de débito,0%
1,11:49,157/9-233/4-358/10-262/4-211/4-455/3-268/8-189/4-375/9,2078.1879999999996,0,dinheiro,-2%
2,11:49,0/6-457/8-164/10-354/4-473/10-441/6-56/7,2803.7,0,cartão de débito,0%
3,11:49,369/3-187/10,335.8,0,dinheiro,0%
4,11:49,443/8-340/1-410/7-50/4-430/10-391/4,2793.3500000000004,0,dinheiro,0%
5,11:49,249/3-328/7-298/2,496.79999999999995,0,cartão de débito,0%
6,11:49,202/10-442/3-90/1-153/3-17/4,612.95,0,cartão de débito,0%
7,11:49,267/10,126.5,0,cartão de crédito,0%
