id,horario,produtos,total,pago,formato,mod
0,11:46,394/4-122/6-265/6-224/10-318/9,2136.7,0,cartão de crédito,0%
1,11:46,453/10-145/3-444/8-353/9-138/1-446/1-1/6,1588.15,0,cartão de crédito,0%
2,11:46,301/8-278/10-403/7-2/10-425/6,3157.9,0,dinheiro,0%
3,11:46,99/6-373/7-81/8-21/7-199/7,808.4499999999998,0,cartão de crédito,0%
4,11:48,340/1,14.95,0,cartão de débito,0%
5,11:48,108/6-385/3-210/8-443/10-380/8-331/3-250/4-238/7-430/10-473/1-354/10,3347.6499999999996,0,dinheiro,0%
6,11:48,262/6-197/5-286/8-352/9,1777.8999999999999,0,dinheiro,0%
7,11:48,4/8-468/10-271/3-190/3-204/10-144/7,1144.2500000000002,0,cartão de crédito,0%
8,11:48,83/4-322/10,729.1,0,dinheiro,0%
